﻿<?xml version="1.0" encoding="utf-8"?>
<?xml-stylesheet type="text/xsl" href="d:\program files (x86)\microsoft visual studio\2017\community\team tools\static analysis tools\fxcop\Xml\CodeAnalysisReport.xsl"?>
<FxCopReport Version="15.0">
 <Targets>
  <Target Name="D:\memz\HATE-b17af0b\HATE\bin\Release\HATE.exe">
   <Modules>
    <Module Name="hate.exe">
     <Namespaces>
      <Namespace Name="HATE">
       <Types>
        <Type Name="MainForm" Kind="Class" Accessibility="Public" ExternallyVisible="True">
         <Members>
          <Member Name="#Dispose(System.Boolean)" Kind="Method" Static="False" Accessibility="Family" ExternallyVisible="True">
           <Messages>
            <Message Id="_logWriter" TypeName="DisposableFieldsShouldBeDisposed" Category="Microsoft.Usage" CheckId="CA2213" Status="Active" Created="2019-02-03 07:21:30Z" FixCategory="NonBreaking">
             <Issue Certainty="75" Level="Warning" Path="D:\memz\HATE-b17af0b\HATE" File="MainForm.Designer.cs" Line="16">'MainForm' 包含 IDisposable 类型的字段 'MainForm._logWriter': 'StreamWriter'。请更改 'MainForm' 的 Dispose 方法，使其针对该字段调用 Dispose 或 Close。</Issue>
            </Message>
           </Messages>
          </Member>
         </Members>
        </Type>
       </Types>
      </Namespace>
     </Namespaces>
    </Module>
   </Modules>
  </Target>
 </Targets>
 <Rules>
  <Rule TypeName="DisposableFieldsShouldBeDisposed" Category="Microsoft.Usage" CheckId="CA2213">
   <Name>应释放可释放的字段</Name>
   <Description>如果实现了 IDisposable 的类型拥有同样实现 IDisposable 的字段，则封装类型的 Dispose() 实现应对每个可释放字段调用 Dispose()。</Description>
   <Resolution Name="Default">{0} 包含 IDisposable 类型的字段 {1}: {2}。请更改 {0} 的 Dispose 方法，使其针对该字段调用 Dispose 或 Close。</Resolution>
   <Owner />
   <Url>http://msdn.microsoft.com/library/ms182328.aspx</Url>
   <Email>[none]</Email>
   <MessageLevel Certainty="75">Warning</MessageLevel>
   <File Name="usagerules.dll" Version="15.0.0.0" />
  </Rule>
 </Rules>
 <Localized>
  <String Key="Category">类别</String>
  <String Key="Certainty">确定性</String>
  <String Key="CollapseAll">全部折叠</String>
  <String Key="CheckId">检查 ID</String>
  <String Key="Error">错误</String>
  <String Key="Errors">错误</String>
  <String Key="ExpandAll">全部展开</String>
  <String Key="Help">帮助</String>
  <String Key="Line">行</String>
  <String Key="Messages">消息</String>
  <String Key="LocationNotStoredInPdb">[位置未存储在 Pdb 中]</String>
  <String Key="Project">项目</String>
  <String Key="Resolution">解析</String>
  <String Key="Rule">规则</String>
  <String Key="RuleFile">规则文件</String>
  <String Key="RuleDescription">规则说明</String>
  <String Key="Source">源</String>
  <String Key="Status">状态</String>
  <String Key="Target">目标</String>
  <String Key="Warning">警告</String>
  <String Key="Warnings">警告</String>
  <String Key="ReportTitle">代码分析报告</String>
 </Localized>
</FxCopReport>
